file_name, red_mean, green_mean, blue_mean, grayscale_mean, variance, std_deviation
red_model_5_64.jpeg, 0.4872472426470614, 0.3327081418504901, 0.34274471507353393, 0.37088886335784926, 0.4999824506252661, 0.707094371795778
red_model_2_64.jpeg, 0.5219697840073555, 0.2881328507965682, 0.3262350643382343, 0.3631050857843114, 0.568936583017772, 0.7542788496423402
red_model_3_64.jpeg, 0.6783777573529305, 0.4948921951593175, 0.5187672334558738, 0.5490176930147003, 0.3550816467751419, 0.595887276903226
red_model_4_64.jpeg, 0.5718682981004966, 0.4691473268995102, 0.4726639093137193, 0.49172219669117134, 0.44353557434880475, 0.6659846652504882
red_model_1_64.jpeg, 0.6531115962009713, 0.4671386718749996, 0.5423636642156859, 0.5587373621323563, 0.32040775349671147, 0.5660457167903591
